{
	"dependencies": "thermalfoundation",
	"populate": {
		"aluminum": {
			"distribution": "uniform",
			"generator": {
				"block": {"name": "thermalfoundation:ore", "metadata": 4, "weight": 100},
				"material": "minecraft:stone",
				"cluster-size": 0
			},
			"cluster-count": 0,
			"min-height": 0,
			"max-height": 0,
			"retrogen": "true",
			"biome": "all",
			"dimension": {
				"restriction": "blacklist",
				"value": [
					-1,
					1
					0
				]
			}
		},
		"copper": {
			"distribution": "uniform",
			"generator": {
				"block": "thermalfoundation:ore",
				"material": "minecraft:stone",
				"cluster-size": 0
			},
			"cluster-count": 0,
			"min-height": 0,
			"max-height": 0,
			"retrogen": "true",
			"biome": "all",
			"dimension": {
				"restriction": "blacklist",
				"value": [
					-1,
					1
				]
			}
		},
		"tin": {
			"distribution": "uniform",
			"generator": {
				"block": {
					"name": "thermalfoundation:ore",
					"metadata": 1
				},
				"material": "minecraft:stone",
				"cluster-size": 0
			},
			"cluster-count": 0,
			"min-height": 0,
			"max-height": 0,
			"retrogen": "true",
			"biome": "all",
			"dimension": {
				"restriction": "blacklist",
				"value": [
					-1,
					1
					0
				]
			}
		},
		"silver": {
			"distribution": "uniform",
			"generator": {
				"block": [
					{
						"name": "thermalfoundation:ore",
						"metadata": 2,
						"weight": 0
					},
					{
						"name": "thermalfoundation:ore",
						"metadata": 3,
						"weight": 0
					}
				],
				"material": "minecraft:stone",
				"cluster-size": 0
			},
			"cluster-count": 0,
			"min-height": 0,
			"max-height": 0,
			"retrogen": "true",
			"biome": "all",
			"dimension": {
				"restriction": "blacklist",
				"value": [
					-1,
					1
					0
				]
			}
		},
		"lead": {
			"distribution": "uniform",
			"generator": {
				"block": [
					{
						"name": "thermalfoundation:ore",
						"metadata": 3,
						"weight": 0
					},
					{
						"name": "thermalfoundation:ore",
						"metadata": 2,
						"weight": 0
					}
				],
				"material": "minecraft:stone",
				"cluster-size": 0
			},
			"cluster-count": 0,
			"min-height": 0,
			"max-height": 0,
			"retrogen": "true",
			"biome": "all",
			"dimension": {
				"restriction": "blacklist",
				"value": [
					-1,
					1
					0
				]
			}
		},
		"nickel": {
			"distribution": "uniform",
			"generator": {
				"block": {
					"name": "thermalfoundation:ore",
					"metadata": 5
				},
				"material": "minecraft:stone",
				"cluster-size": 0
			},
			"cluster-count": 0,
			"min-height": 0,
			"max-height": 0,
			"retrogen": "true",
			"biome": "all",
			"dimension": {
				"restriction": "blacklist",
				"value": [
					-1,
					1
				]
			}
		},
		"copper_ocean": {
			"distribution": "uniform",
			"generator": {
				"block": "thermalfoundation:ore",
				"material": "minecraft:stone",
				"cluster-size": 0
			},
			"cluster-count": 0,
			"min-height": 0,
			"max-height": 0,
			"retrogen": "true",
			"biome": {
				"restriction": "whitelist",
				"value": [
					{
						"type": "dictionary",
						"entry": "OCEAN"
					}
				]
			},
			"dimension": {
				"restriction": "blacklist",
				"value": [
					-1,
					1
				]
			}
		},
		"copper_high": {
			"distribution": "uniform",
			"generator": {
				"block": "thermalfoundation:ore",
				"material": "minecraft:stone",
				"cluster-size": 0
			},
			"cluster-count": 0,
			"min-height": 0,
			"max-height": 0,
			"retrogen": "true",
			"biome": "all",
			"dimension": {
				"restriction": "blacklist",
				"value": [
					-1,
					1
				]
			}
		}
	}
}
