{
  "dependencies": "appliedenergistics2",
  "populate": {
    "quartz_ore": {
      "distribution": "uniform",
      "generator": {
        "block": [
          {"name": "appliedenergistics2:quartz_ore", "metadata": 0, "weight": 95},
          {"name": "appliedenergistics2:charged_quartz_ore", "metadata": 0, "weight": 5}
        ],
        "material": "minecraft:stone",
        "cluster-size": 0
      },
      "cluster-count": 0,
      "min-height": 0,
      "max-height": 0,
      "retrogen": true,
      "biomes": "all",
      "dimension": {
        "restriction": "blacklist",
        "value": [
          -1,
          1
        ]
      }
    }
  }
}